Rule,URL,Section Name,Page Name,Page Views
EndsWith,stevens.edu/sit/about/awards.cfm,About,Awards,2569
EndsWith,stevens.edu/sit/about/campus.cfm,About,Campus,1328
EndsWith,stevens.edu/sit/about/contact.cfm,About,Contact,39115
EndsWith,stevens.edu/sit/about/facts.cfm,About,Facts,18897
EndsWith,stevens.edu/sit/about/col_john.cfm,About,History,583
EndsWith,stevens.edu/sit/about/history.cfm,About,History,2905
EndsWith,stevens.edu/sit/about/robert_stevens.cfm,About,History,343
EndsWith,stevens.edu/sit/about/steamboats.cfm,About,History,700
EndsWith,stevens.edu/sit/about/yachting.cfm,About,History,372
EndsWith,stevens.edu/sit/about/hoboken.cfm,About,Hoboken,335
EndsWith,stevens.edu/sit/about/index.cfm,About,Home,44845
Contains,stevens.edu/sit/about/mission.cfm,About,Mission,2532
EndsWith,stevens.edu/sit/about/railroad.cfm,About,Railroad,299
EndsWith,stevens.edu/sit/about/sit.cfm,About,Stevens,554
EndsWith,stevens.edu/sit/about/trustees.cfm,About,Trustees,248
EndsWith,stevens.edu/sit/about/visit.cfm,About,Visit,729
EndsWith,stevens.edu/sit/academics/,Acad,Home,34042
EndsWith,stevens.edu/sit/academics/index.cfm,Acad,Home,63326
EndsWith,stevens.edu/sit/administration-and-enrollment/admissions.cfm,Administration,Admissions,306
EndsWith,stevens.edu/sit/administration-and-enrollment/athletics.cfm,Administration,Athletics,467
EndsWith,stevens.edu/sit/administration-and-enrollment/campus-store.cfm,Administration,Campus Store,978
EndsWith,stevens.edu/sit/administration-and-enrollment/financial-affairs.cfm,Administration,Financial,204
EndsWith,stevens.edu/sit/administration-and-enrollment/graduate-student-affairs.cfm,Administration,Graduates,313
EndsWith,stevens.edu/sit/administration-and-enrollment/index.cfm,Administration,Home,2087
EndsWith,stevens.edu/sit/administration-and-enrollment/human-resources.cfm,Administration,Human Resources,131
EndsWith,stevens.edu/sit/administration-and-enrollment/marketing-communications.cfm,Administration,Marketing,226
EndsWith,stevens.edu/sit/administration-and-enrollment/office-of-residence-life.cfm,Administration,Residence Life,233
EndsWith,stevens.edu/sit/administration-and-enrollment/special-functions.cfm,Administration,Special Functions,116
EndsWith,stevens.edu/sit/administration-and-enrollment/student-development.cfm,Administration,Student Development,175
EndsWith,stevens.edu/sit/administration-and-enrollment/student-services.cfm,Administration,Student Services,204
Contains,stevens.edu/sit/admissions/academics/,Admissions,Academics,53392
Contains,stevens.edu/sit/admissions/accepted,Admissions,Accepted Students,1715
StartsWith,stevens.askadmissions.net/,Admissions,Application,72
EndsWith,stevens.edu/sit/admissions/the-application-process.cfm,Admissions,Application Process,20123
Contains,stevens.edu/sit/admissions/apply/,Admissions,Apply,2218
Contains,stevens.edu/sit/admissions/careers/,Admissions,Career,240
Contains,stevens.edu/sit/admissions/design-a-day,Admissions,Design A Day,2233
Contains,stevens.edu/sit/admissions/finaid/,Admissions,Financial Aid,167
Contains,stevens.edu/sit/admissions/highschool/,Admissions,High School,2189
EndsWith,stevens.edu/sit/admissions.cfm,Admissions,Home,131
EndsWith,stevens.edu/sit/admissions/,Admissions,Home,28787
EndsWith,stevens.edu/sit/admissions/index.cfm,Admissions,Home,71764
Contains,stevens.edu/sit/admissions/interact/,Admissions,Interact,1547
Contains,stevens.edu/sit/admissions/international/,Admissions,International,255
Contains,stevens.edu/sit/admissions/interview-faqs.cfm,Admissions,Interviews,2051
Contains,stevens.edu/sit/admissions/orientation.cfm,Admissions,Orientation,693
Contains,stevens.edu/sit/admissions/parent,Admissions,Parents,153
Contains,stevens.edu/sit/admissions/pre_orientation,Admissions,Pre-O,29
Contains,stevens.edu/sit/admissions/request,Admissions,Request Info,2342
EndsWith,stevens.edu/sit/admissions/resources.cfm,Admissions,Resources,4883
Contains,stevens.edu/sit/admissions/student/athletics.cfm,Admissions,Students,4204
Contains,stevens.edu/sit/admissions/transfer/,Admissions,Transfer,1131
Contains,stevens.edu/sit/admissions/visit/,Admissions,Visit,58
Contains,stevens.edu/cal/about_cal/,CAL,About,510
Contains,stevens.edu/cal/art/,CAL,Art,4868
Contains,stevens.edu/careers,CAL,Careers,21
Contains,stevens.edu/cal/contact.html,CAL,Contact,21
Contains,stevens.edu/cal/courses/,CAL,Courses,21
Contains,stevens.edu/cal/csw/,CAL,CSW,780
Contains,stevens.edu/cal/curriculum/,CAL,Curriculum,613
Contains,stevens.edu/cal/esl/,CAL,ESL,1416
Contains,stevens.edu/cal/ethics/,CAL,Ethics,284
Contains,stevens.edu/cal/ethics_bowl/,CAL,Ethics Bowl,416
Contains,stevens.edu/cal/facebook.html,CAL,Facebook,109
Contains,stevens.edu/cal/adjuncts.php,CAL,Faculty,2437
Contains,stevens.edu/cal/faculty,CAL,Faculty,21
Contains,stevens.edu/cal/faculty_profile,CAL,Faculty,36
Contains,stevens.edu/cal/gallery/index.php,CAL,Gallery,21
Contains,stevens.edu/cal/graduate/,CAL,Graduate,1620
Contains,stevens.edu/cal/history/,CAL,History,1956
Contains,stevens.edu/CAL/,CAL,Home,51
Contains,stevens.edu/cal/litcom/,CAL,Lit & Comm,554
Contains,stevens.edu/cal/literature/,CAL,Literature,1357
Contains,stevens.edu/cal/minors/,CAL,Minors,51
Contains,stevens.edu/cal/music/,CAL,Music,4554
Contains,stevens.edu/cal/news,CAL,News,21
Contains,stevens.edu/cal/people/index.php,CAL,People,21
Contains,stevens.edu/cal/staff.php,CAL,People,875
Contains,stevens.edu/cal/phil/,CAL,Philosophy,204
Contains,stevens.edu/cal/philosophy/,CAL,Philosophy,1350
Contains,stevens.edu/cal/search/,CAL,Search,36
Contains,stevens.edu/cal/socialsciences/,CAL,Social Sciences,2722
Contains,stevens.edu/cal/twitter.html,CAL,Twitter,58
Contains,stevens.edu/cal/wcc/,CAL,WCC,2897
EndsWith,stevens.edu/sit/ocd/about_us.cfm,Career,About,1970
Contains,stevens.edu/sit/ocd/alumni/,Career,Alumni,313
Contains,stevens.edu/sit/ocd/employers/,Career,Employers,700
Contains,stevens.edu/sit/ocd/faculty_staff/,Career,Faculty,1518
EndsWith,stevens.edu/sit/ocd/,Career,Home,35356
EndsWith,stevens.edu/sit/ocd/index.cfm,Career,Home,5707
Contains,stevens.edu/sit/ocd/parents/,Career,Parents,197
Contains,stevens.edu/sit/ocd/students/,Career,Students,934
Contains,stevens.edu/sit/co-op/about/,Coop,About,175
Contains,stevens.edu/sit/co-op/alumni/,Coop,Alumni,131
Contains,stevens.edu/sit/co-op/current-students/,Coop,Current Students,722
Contains,stevens.edu/sit/co-op/employers/,Coop,Employers,335
Contains,stevens.edu/sit/co-op/future-students/,Coop,Future Students,109
Contains,stevens.edu/sit/co-op/graduates/,Coop,Graduates,934
EndsWith,stevens.edu/sit/co-op/,Coop,Home,3430
EndsWith,stevens.edu/sit/co-op/index.cfm,Coop,Home,1014
Contains,stevens.edu/compsci/about/,CS,About,2218
Contains,stevens.edu/compsci/accreditation/,CS,Accreditation,1766
Contains,stevens.edu/compsci/contact/,CS,Contact,1875
Contains,stevens.edu/compsci/Courses/catalog.php?cid=105,CS,Courses,87
Contains,stevens.edu/compsci/cybersecurity/,CS,CyberSecurity,51
Contains,stevens.edu/compsci/graduate/,CS,Graduate,14809
Contains,stevens.edu/compsci/home.php,CS,Home,30904
Contains,stevens.edu/compsci/mobile/,CS,Mobile,554
Contains,stevens.edu/compsci/partners/,CS,Partners,751
Contains,stevens.edu/compsci/people/,CS,People,15495
Contains,stevens.edu/compsci/research/,CS,Research,3474
Contains,stevens.edu/compsci/search/,CS,Search,72
Contains,stevens.edu/compsci/Seminars/,CS,Seminars,43
Contains,stevens.edu/compsci/undergrad/,CS,Undergrad,5525
Contains,stevens.edu/compsci/Courses/,CS,Courses,
Contains,stevens.edu/sit/development/academic-campus-life/,Development,Campus Life,394
Contains,stevens.edu/sit/development/connections/,Development,Connections,386
Contains,stevens.edu/sit/development/contact-us.cfm,Development,Contact,131
Contains,stevens.edu/sit/development/featured/,Development,Featured,408
Contains,stevens.edu/sit/development/giving/,Development,Giving,116
Contains,stevens.edu/sit/development/heritage/,Development,Heritage,591
EndsWith,stevens.edu/sit/development/,Development,Home,3021
EndsWith,stevens.edu/sit/development/index.cfm,Development,Home,11006
Contains,stevens.edu/sit/development/innovation/,Development,Innovation,445
Contains,stevens.edu/sit/development/international-mission/,Development,International Mission,233
Contains,stevens.edu/sit/development/priorities/,Development,Priorities,379
Contains,stevens.edu/sit/development/scholarship/,Development,Scholarships,408
Contains,stevens.edu/sit/development/schools/,Development,Schools,1416
EndsWith,stevens.edu/sit/studentemployment/Apply.cfm,Employ,Apply,10211
EndsWith,stevens.edu/sit/studentemployment/Contact-Us.cfm,Employ,Contact,423
EndsWith,stevens.edu/sit/studentemployment/forms.cfm,Employ,Forms,1583
EndsWith,stevens.edu/sit/studentemployment/,Employ,Home,12897
EndsWith,stevens.edu/sit/studentemployment/index.cfm,Employ,Home,116
EndsWith,stevens.edu/sit/studentemployment/specialevents.cfm,Employ,Special Events,554
EndsWith,stevens.edu/sit/studentemployment/studentscorner.cfm,Employ,Student Corner,802
Contains,stevens.edu/ses/about/,Engineering,About,3357
Contains,stevens.edu/ses/about_soe/,Engineering,About,36
Contains,stevens.edu/access/,Engineering,Access,591
Contains,stevens.edu/ses/academics/assessment/,Engineering,Assessment,613
Contains,stevens.edu/bioinnovation/,Engineering,Bio Innovation,131
Contains,stevens.edu/biomaterials/,Engineering,Bio Materials,116
Contains,stevens.edu/boeing/,Engineering,Boeing,861
Contains,stevens.edu/cadeyes/,Engineering,Cadeyes,635
Contains,stevens.edu/ses/cms/,Engineering,Center for Maritime Systems,24546
Contains,stevens.edu/ses/cems/,Engineering,Chemical Engineering,9722
Contains,stevens.edu/ses/ccbbme/,Engineering,Chemistry & BioMed,10948
Contains,stevens.edu/ses/ceoe/,Engineering,Civil & Environmental,9569
Contains,stevens.edu/ses/community/,Engineering,Community,29
Contains,stevens.edu/ses/cm/,Engineering,Construction Management,2795
Contains,stevens.edu/ses/courses/gradcourses.php,Engineering,Courses,394
Contains,stevens.edu/ses/ece/,Engineering,Electrical & Computer,27064
Contains,stevens.edu/ses/nis/,Engineering,Electrical & Computer,240
Contains,stevens.edu/ses/wc/,Engineering,Electrical & Computer,343
Contains,stevens.edu/empowerhouse/,Engineering,Em Powerhouse,635
Contains,stevens.edu/vipsolard/,Engineering,Em Powerhouse,167
Contains,stevens.edu/ses/academics/graduate_studies/,Engineering,Graduate,36
Contains,stevens.edu/ses/graduate/,Engineering,Graduate,2737
EndsWith,stevens.edu/ses/,Engineering,Home,68333
EndsWith,stevens.edu/ses/?mobi=non_mobile,Engineering,Home,372
Contains,stevens.edu/ses/index.php,Engineering,Home,2306
Contains,stevens.edu/ses/ipd/,Engineering,Integrated Product Development,1423
Contains,stevens.edu/ses/msl/,Engineering,Maritime Security Laboratory ,1065
Contains,stevens.edu/ses/maritime/,Engineering,Maritime Systems,1540
Contains,stevens.edu/ses/math/,Engineering,Math,3518
Contains,stevens.edu/ses/me/,Engineering,Mechanical Engineering,14700
Contains,stevens.edu/ses/mp/,Engineering,Physics,233
Contains,stevens.edu/ses/physics/,Engineering,Physics,6861
Contains,stevens.edu/ses/research/,Engineering,Research,1948
Contains,stevens.edu/ses/resources/,Engineering,Resources,299
Contains,stevens.edu/ses/search/,Engineering,Search,7
Contains,stevens.edu/ses/structural/,Engineering,Structural Engineering,817
Contains,stevens.edu/ses/tgcourse/,Engineering,Technogenesis,138
Contains,stevens.edu/ses/academics/undergraduate/,Engineering,Undergraduate,36
Contains,stevens.edu/ses/undergrad/,Engineering,Undergraduate,2503
Contains,stevens.edu/ses/wr/,Engineering,Water Resources,306
Contains,stevens.edu/startups/companies/,Entrepreneurship,Companies,218
EndsWith,stevens.edu/startups/contact.php,Entrepreneurship,Contact,248
Contains,stevens.edu/entrepreneurship/contact.html,Entrepreneurship,Contact,386
Contains,stevens.edu/entrepreneurship/e2lab/,Entrepreneurship,E2 Lab,124
Contains,stevens.edu/entrepreneurship/events/,Entrepreneurship,Events,65
Contains,stevens.edu/entrepreneurship/functions.html,Entrepreneurship,Functions,299
Contains,stevens.edu/startups/gallery/,Entrepreneurship,Gallery,335
Contains,stevens.edu/entrepreneurship/guide,Entrepreneurship,Guide,306
EndsWith,stevens.edu/startups/,Entrepreneurship,Home,1686
EndsWith,stevens.edu/entrepreneurship/,Entrepreneurship,Home,12802
EndsWith,stevens.edu/startups/innovations.php,Entrepreneurship,Innovations,335
Contains,stevens.edu/entrepreneurship/inventors_handbook/,Entrepreneurship,Inventors Handbook,299
EndsWith,stevens.edu/startups/licensing.php,Entrepreneurship,Licensing,153
Contains,stevens.edu/entrepreneurship/oae_links.html,Entrepreneurship,Links,291
Contains,stevens.edu/entrepreneurship/mobile/,Entrepreneurship,Mobile,372
Contains,stevens.edu/entrepreneurship/objectives.html,Entrepreneurship,Objectives,481
EndsWith,stevens.edu/startups/partners.php,Entrepreneurship,Partners,226
Contains,stevens.edu/entrepreneurship/patent.php,Entrepreneurship,Patents,700
Contains,stevens.edu/entrepreneurship/People,Entrepreneurship,People,598
Contains,stevens.edu/entrepreneurship/aeprograms/,Entrepreneurship,Programs,948
Contains,stevens.edu/entrepreneurship/research-day/,Entrepreneurship,Research,2394
EndsWith,stevens.edu/startups/seed.php,Entrepreneurship,Seed,233
Contains,stevens.edu/entrepreneurship/ventures/,Entrepreneurship,Ventures,167
Contains,stevens.edu/sit/finance/departments-contacts/,Finance,Departments,1868
Contains,stevens.edu/sit/finance/processes-forms/,Finance,Forms,131
EndsWith,stevens.edu/sit/finance/,Finance,Home,6649
EndsWith,stevens.edu/sit/finance/policies-guidelines/index.cfm,Finance,Policies,503
Contains,stevens.edu/sit/finance/kuali-portal/,Finance,Portal,788
Contains,stevens.edu/sit/finance/resources-toolkits,Finance,Resources,
Contains,stevens.edu/sit/finance/schedules-calendars,Finance,Calendar,
Contains,stevens.edu/sit/finance/statements-reports/,Finance,Reports,102
Contains,stevens.edu/gradacademics/advisors,Grad Acad,Advisors,109
Contains,stevens.edu/gradacademics/certificates.html,Grad Acad,Certificates,4430
Contains,stevens.edu/gradacademics/contact.html,Grad Acad,Contact,635
Contains,stevens.edu/gradacademics/directory.php,Grad Acad,Directory,211
Contains,stevens.edu/gradacademics/graduate/doctoral/,Grad Acad,Doctoral,10284
Contains,stevens.edu/gradacademics/faculty_profile.php,Grad Acad,Faculty,36
Contains,stevens.edu/gradacademics/gcc/,Grad Acad,GCC,80
Contains,stevens.edu/gradacademics/global,Grad Acad,Global,211
Contains,stevens.edu/gradacademics/handbook/,Grad Acad,Handbook,423
EndsWith,stevens.edu/gradacademics/,Grad Acad,Home,2569
EndsWith,stevens.edu/gradacademics/index.php,Grad Acad,Home,963
Contains,stevens.edu/gradacademics/graduate/masters/,Grad Acad,Masters,46166
Contains,stevens.edu/gradacademics/news/,Grad Acad,News,43
Contains,stevens.edu/gradacademics/professional/,Grad Acad,Professional,182
Contains,stevens.edu/gradacademics/resources/,Grad Acad,Resources,248
Contains,stevens.edu/gradacademics/scholarships/,Grad Acad,Scholarships,1372
Contains,stevens.edu/gradacademics/search/,Grad Acad,Search,29
Contains,stevens.edu/sit/graduate/academic_programs/,Grad Admissions,Academic Programs,2021
Contains,stevens.edu/sit/graduate/alumni-career-focus/,Grad Admissions,Alumni,160
Contains,stevens.edu/sit/graduate/apply/,Grad Admissions,Apply,98361
Contains,stevens.edu/sit/graduate/computer_science.cfm,Grad Admissions,Computer Science,6802
Contains,stevens.edu/sit/graduate/construction_management.cfm,Grad Admissions,Construction Management,1554
Contains,stevens.edu/sit/graduate/contact_us/,Grad Admissions,Contact,1751
Contains,stevens.edu/sit/graduate/current/ac.cfm,Grad Admissions,Current Students,1262
Contains,stevens.edu/sit/graduate/cybersecurity.cfm,Grad Admissions,CyberSecurity,1540
Contains,stevens.edu/sit/graduate/digital.cfm,Grad Admissions,Digital Ad,7
Contains,stevens.edu/sit/graduate/enroll/,Grad Admissions,Enroll,467
Contains,stevens.edu/sit/graduate/events/,Grad Admissions,Events,233
Contains,stevens.edu/sit/graduate/financial_engineering.cfm,Grad Admissions,Financial Engineering,4591
Contains,stevens.edu/sit/graduate/game_programming.cfm,Grad Admissions,Game Programming,795
Contains,stevens.edu/sit/graduate/handbook/,Grad Admissions,Handbook,255
EndsWith,stevens.edu/sit/graduate/,Grad Admissions,Home,46735
EndsWith,stevens.edu/sit/graduate/home/,Grad Admissions,Home,437
Contains,stevens.edu/sit/graduate/index.cfm,Grad Admissions,Home,82814
Contains,stevens.edu/sit/graduate/international_student_guide.cfm,Grad Admissions,International Students,1007
Contains,stevens.edu/sit/graduate/master-of-arts,Grad Admissions,Masters of Arts,861
Contains,stevens.edu/sit/graduate/master-of-engineering,Grad Admissions,Masters of Engineering,1642
Contains,stevens.edu/sit/graduate/master-of-materials,Grad Admissions,Masters of Materials,1678
Contains,stevens.edu/sit/graduate/master-of-pharmaceutical,Grad Admissions,Masters of Pharmaceutical,1518
Contains,stevens.edu/sit/graduate/master-of-science,Grad Admissions,Masters of Science,1408
Contains,stevens.edu/sit/graduate/mba.cfm,Grad Admissions,MBA,4452
Contains,stevens.edu/sit/graduate/multimedia_management.cfm,Grad Admissions,Mutlimedia Management,489
Contains,stevens.edu/sit/graduate/programs/index.html,Grad Admissions,Programs,1569
Contains,stevens.edu/sit/graduate/prospective/,Grad Admissions,Prospective,583
Contains,stevens.edu/sit/graduate/resources/,Grad Admissions,Resources,197
Contains,stevens.edu/sit/graduate/study-options.cfm,Grad Admissions,Study Options,9612
Contains,stevens.edu/sit/graduate/summer_courses.cfm,Grad Admissions,Summer,780
Contains,stevens.edu/sit/graduate/tuition/,Grad Admissions,Tuition,9744
Contains,stevens.edu/sit/graduate/webcampus/,Grad Admissions,WebCampus,138
Contains,stevens.edu/sit/graduate/why-stevens.cfm,Grad Admissions,Why Stevens,1124
Contains,stevens.edu/sit/graduate/,Grad Admissions,Other,
EndsWith,stevens.edu/isss/about_isss.shtml,International,About,1926
Contains,stevens.edu/sit/international/academics/,International,Academics,7934
Contains,stevens.edu/sit/international/advantage/,International,Advantage,2350
Contains,stevens.edu/sit/international/apply/,International,Apply,14473
Contains,stevens.edu/sit/international/arrangements/,International,Arrangements,1824
Contains,stevens.edu/sit/international/arriving/,International,Arriving,2080
Contains,stevens.edu/sit/international/campus/,International,Campus,3131
EndsWith,stevens.edu/isss/contact.shtml,International,Contact,3875
Contains,stevens.edu/sit/international/contact/,International,Contact,2656
EndsWith,stevens.edu/isss/current_students.shtml,International,Current Students,1284
EndsWith,stevens.edu/isss/esl.html,International,ESL,576
EndsWith,stevens.edu/isss/f1_students.shtml,International,F-1 Students,5466
Contains,stevens.edu/isss/forms,International,Forms,2160
EndsWith,stevens.edu/isss/future_students.shtml,International,Future Students,4963
EndsWith,stevens.edu/isss/h1b_scholars.shtml,International,H1B Staff,1218
EndsWith,stevens.edu/isss/,International,Home,17072
EndsWith,stevens.edu/isss/index.html,International,Home,94
EndsWith,stevens.edu/sit/international/,International,Home,2240
EndsWith,stevens.edu/sit/international/index.cfm,International,Home,35619
EndsWith,stevens.edu/isss/additional_information.shtml,International,Information,1642
EndsWith,stevens.edu/isss/j1_scholars.shtml,International,J1 Staff,649
EndsWith,stevens.edu/isss/j1_students.shtml,International,J1 Students,759
EndsWith,stevens.edu/isss/lpr.shtml,International,LPR,890
EndsWith,stevens.edu/isss/news.shtml,International,News,569
EndsWith,stevens.edu/isss/programs.shtml,International,Programs,2065
EndsWith,stevens.edu/isss/prospective_students.html,International,Prospective,21
EndsWith,stevens.edu/isss/travel.shtml,International,Travel,605
Contains,stevens.edu/sit/international/welcome/,International,Welcome,2890
Contains,stevens.edu/sit/it/about/,IT,About,313
Contains,stevens.edu/sit/it/csc/,IT,Computer Service Center,3956
Contains,stevens.edu/sit/it/forms/,IT,Forms,277
EndsWith,stevens.edu/sit/it/,IT,Home,9138
EndsWith,stevens.edu/sit/it/index.cfm,IT,Home,138
Contains,stevens.edu/itwiki,IT,IT Wiki,21
Contains,stevens.edu/sit/leadership/,IT,Leadership,138
EndsWith,stevens.edu/sit/it/news_alerts.cfm,IT,News,503
EndsWith,stevens.edu/sit/it/services/location.cfm,IT,Services,394
Contains,stevens.edu/cyberpolicy/,Labs,Cyber Policy,1445
Contains,stevens.edu/daisy/,Labs,Daisy,1656
Contains,stevens.edu/deception/,Labs,Deception,1116
Contains,stevens.edu/lllab/,Labs,Light and Life,262
Contains,stevens.edu/mdl/,Labs,Micro Device,722
Contains,stevens.edu/lmsi/,Labs,MultiScale Imaging,2956
Contains,stevens.edu/nmfl/,Labs,Nano & Microfluidics,1489
Contains,stevens.edu/nanodevices/,Labs,Nano Devices,1299
Contains,stevens.edu/nanoelectronics/,Labs,Nano Electronics,1810
Contains,stevens.edu/nanomechanics/,Labs,Nano Mechanics,1970
Contains,stevens.edu/nano-micro-bio/,Labs,Nano Micro Bio,956
Contains,stevens.edu/nanophotonics/,Labs,Nano Photonics,1737
Contains,stevens.edu/ral/,Labs,Robotics & Automation,2591
Contains,stevens.edu/spaclab/,Labs,Signal Processing,1102
Contains,stevens.edu/spider-radio/,Labs,Spider Radio,408
Contains,stevens.edu/suba/,Labs,Suba,474
Contains,stevens.edu/twitterscan/,Labs,Twitter Analytics,145
Contains,stevens.edu/ultrafastcontrol/,Labs,Ultrafast Dynamics,430
Contains,stevens.edu/viel/,Labs,Visual Information,1051
Contains,stevens.edu/wnet/,Labs,Wireless Networks,284
Contains,stevens.edu/library/about/,Library,About,452
Contains,stevens.edu/library/collections,Library,Collections,1167
EndsWith,stevens.edu/library/contact.html,Library,Contact,2138
EndsWith,stevens.edu/library/faq.html,Library,FAQ,350
Contains,stevens.edu/library/forms/,Library,Forms,138
Contains,stevens.edu/library/Library_documents/,Library,Forms,1160
EndsWith,stevens.edu/library/,Library,Home,88829
Contains,stevens.edu/library/research/,Library,Research,36
Contains,stevens.edu/library/search/,Library,Search,21
EndsWith,stevens.edu/library/searchbox.html,Library,Search,2014
Contains,stevens.edu/library/services/,Library,Services,102
EndsWith,stevens.edu/sit/university-announcements.cfm,Main,Annoucements,12612
EndsWith,stevens.edu/sit/branding-and-identity-guide.cfm,Main,Branding,3036
Contains,stevens.edu/catalog/,Main,Catalog,18393
Contains,stevens.edu/catalog/search/,Main,Catalog,21
Contains,stevens.edu/sit/commencement/,Main,Commencement,3686
Contains,stevens.edu/sit/courses/,Main,Course Catalog,7
EndsWith,stevens.edu/sit/current.cfm,Main,Current Students,167542
EndsWith,stevens.edu/sit/board-of-trustees-statement.cfm,Main,Embezzelment,1306
EndsWith,stevens.edu/sit/404.cfm,Main,Error,27400
EndsWith,stevens.edu/sit/faculty.cfm,Main,Faculty,56538
EndsWith,stevens.edu/sit/,Main,Home,2936856
EndsWith,stevens.edu/sit/index.cfm,Main,Home,29663
EndsWith,stevens.edu/sit/stevens_index.cfm,Main,Index,33006
Contains,stevens.edu/sit/stevens_index.cm,Main,Index,226
EndsWith,stevens.edu/main/maps/campusMap.pdf,Main,Map,248
Contains,stevens.edu/sit/maps/,Main,Maps,24123
Contains,stevens.edu/sit/features/,Main,News,124
EndsWith,stevens.edu/sit/news_events.cfm,Main,News,182
Contains,stevensnewsservice.com/,Main,News,306
Contains,stevens.edu/sit/people_finder.cfm,Main,PeopleFinder,7
Contains,stevens.edu/sit/people_finder_new.cfm,Main,PeopleFinder,102
Contains,stevens.edu/press/,Main,Press,832
EndsWith,stevens.edu/sit/prospective.cfm,Main,Prospective Students,112470
Contains,stevens.edu/sit/search.cfm,Main,Search,7
EndsWith,stevens.edu/nano/courses.php,Nano,Courses,1160
Contains,stevens.edu/nano/faculty,Nano,Faculty,1416
EndsWith,stevens.edu/nano/,Nano,Home,3963
Contains,stevens.edu/nano/news,Nano,News,255
EndsWith,stevens.edu/nano/program.html,Nano,Programs,2014
EndsWith,stevens.edu/nano/research.html,Nano,Research,379
EndsWith,stevens.edu/nano/seminars.html,Nano,Seminars,788
Contains,stevens.edu/news/admin/,News,Admin,3189
Contains,stevens.edu/news//node/,News,Article,21
Contains,stevens.edu/news/content/,News,Article,21
Contains,stevens.edu/news/node/,News,Article,109
Contains,stevens.edu/news/category/news-section/news-life,News,Category,182
EndsWith,stevens.edu/news/,News,Home,14349
Contains,stevens.edu/news/newspoints/,News,Newspoints,189
EndsWith,stevens.edu/sit/physicalplant/design_construction.cfm,Plant,Construction,430
EndsWith,stevens.edu/sit/physicalplant/custodialservices.cfm,Plant,Custodial Services,343
EndsWith,stevens.edu/sit/physicalplant/director.cfm,Plant,Directors,583
EndsWith,stevens.edu/sit/physicalplant/facility.cfm,Plant,Facility,1240
EndsWith,stevens.edu/sit/physicalplant/,Plant,Home,2905
EndsWith,stevens.edu/sit/physicalplant/safety_environment.cfm,Plant,Safety,357
EndsWith,stevens.edu/sit/police/appeals.cfm,Police,Appeals,102
EndsWith,stevens.edu/sit/police/apply.cfm,Police,Apply,3321
EndsWith,stevens.edu/sit/police/elegibility.cfm,Police,Elegibility,1372
EndsWith,stevens.edu/sit/police/fines.cfm,Police,Fines,138
EndsWith,stevens.edu/sit/police/hangtagfees.cfm,Police,Hangtags,2058
EndsWith,stevens.edu/sit/police/,Police,Home,5802
EndsWith,stevens.edu/sit/police/index.cfm,Police,Home,277
EndsWith,stevens.edu/sit/police/lots.cfm,Police,Lots,2824
Contains,stevens.edu/sit/police/parking,Police,Parking,1540
EndsWith,stevens.edu/sit/police/safetystatistics.cfm,Police,Safety,218
EndsWith,stevens.edu/sit/police/traffic.cfm,Police,Traffic,218
EndsWith,stevens.edu/sit/police/visitors.cfm,Police,Visitors,875
EndsWith,stevens.edu/sit/president/farvadin-curriculum-vitae.cfm,Pres,About,1350
EndsWith,stevens.edu/sit/president/nariman-farvardin.cfm,Pres,About,1182
EndsWith,stevens.edu/sit/president/Nariman-Farvardin-Biography.cfm,Pres,About,2124
EndsWith,stevens.edu/sit/president/president-farvardin-launches-review-of-stevens-tech-commercialization-activities.cfm,Pres,About,145
EndsWith,stevens.edu/sit/president/biography.cfm,Pres,Bio,145
EndsWith,stevens.edu/sit/president/contact.cfm,Pres,Contact,1328
EndsWith,stevens.edu/sit/president/faq.cfm,Pres,FAQ,145
EndsWith,stevens.edu/sit/president/,Pres,Home,4817
EndsWith,stevens.edu/sit/president/index.cfm,Pres,Home,1656
Contains,stevens.edu/sit/president/team/,Pres,Team,277
Contains,stevens.edu/provost/academics/,Provost,Academics,1642
Contains,stevens.edu/provost/announcements/,Provost,Announcements,430
Contains,stevens.edu/provost/assessment/,Provost,Assessment,102
EndsWith,stevens.edu/provost/contact.html,Provost,Contact,569
EndsWith,stevens.edu/provost/ir/data_request.html,Provost,Data Requests,430
Contains,stevens.edu/provost/directory/,Provost,Directory,3445
EndsWith,stevens.edu/provost/,Provost,Home,6751
EndsWith,stevens.edu/provost/initiatives.html,Provost,Initiatives,116
EndsWith,stevens.edu/provost/institute.html,Provost,Institute,1532
EndsWith,stevens.edu/provost/meetprovost.html,Provost,Meet,1153
Contains,stevens.edu/provost/news/,Provost,News,102
Contains,stevens.edu/provost/policies/,Provost,Policies,978
Contains,stevens.edu/provost/fileadmin,Provost,Files,
Contains,stevens.edu/provost/research/elevator_pitch.html,Provost,Research,65
Contains,stevens.edu/provost/statistics.html,Provost,Statistics,1218
Contains,stevens.edu/provost/search,Provost,Search,
Contains,stevens.edu/sit/registrar/academic-records/,Registrar,Academic Records,6671
EndsWith,stevens.edu/sit/registrar/campus-building-codes.cfm,Registrar,Building Codes,1262
Contains,stevens.edu/sit/registrar/calendar/,Registrar,Calendar,160
EndsWith,stevens.edu/sit/registrar/closing-procedures.cfm,Registrar,Closing,467
EndsWith,stevens.edu/sit/registrar/commencement/index.html,Registrar,Commencement,408
Contains,stevens.edu/sit/registrar/dean-list/,Registrar,Dean's List,8882
EndsWith,stevens.edu/sit/registrar/misc/faq.html,Registrar,FAQ,700
EndsWith,stevens.edu/sit/registrar/ferpa.cfm,Registrar,Ferpa,167
Contains,stevens.edu/sit/registrar/forms,Registrar,Forms,16400
Contains,stevens.edu/sit/registrar/graduation/,Registrar,Graduation,9992
EndsWith,stevens.edu/sit/registrar/,Registrar,Home,87975
EndsWith,stevens.edu/sit/registrar/index.cfm,Registrar,Home,3503
EndsWith,stevens.edu/sit/registrar/mission.cfm,Registrar,Mission,218
Contains,stevens.edu/sit/registrar/policies-procedures/,Registrar,Policies,5970
EndsWith,stevens.edu/sit/registrar/room-reservation.cfm,Registrar,Room Reservations,1861
Contains,stevens.edu/sit/registrar/schedule,Registrar,Schedule,598
EndsWith,stevens.edu/sit/registrar/staff.cfm,Registrar,Staff,131
EndsWith,stevens.edu/sit/registrar/web-for-faculty.cfm,Registrar,Web for Faculty,2328
EndsWith,stevens.edu/sit/registrar/web-for-students.cfm,Registrar,Web for Students,7364
EndsWith,stevens.edu/research/research.html,Research,About,5795
EndsWith,stevens.edu/osr/animals/statement.html,Research,Animals,226
EndsWith,stevens.edu/research/centers.html,Research,Centers,3926
EndsWith,stevens.edu/research/contact.html,Research,Contact,1051
EndsWith,stevens.edu/osr/contact.html,Research,Contact,197
EndsWith,stevens.edu/osr/director.html,Research,Director,248
Contains,stevens.edu/osr/fsc/,Research,Faculty Support,1021
EndsWith,stevens.edu/osr/forms/,Research,Forms,357
StartsWith,research.stevens.edu/,Research,Home,4693
Contains,stevens.edu/research/,Research,Home,11043
Contains,stevens.edu/osr/,Research,Home,4773
Contains,stevens.edu/osr/humans/,Research,Humans,394
StartsWith,research.stevens.edu/mobile/,Research,Mobile,65
Contains,stevens.edu/research/mobile/,Research,Mobile,328
Contains,stevens.edu/research/multiscale.php,Research,MultiScale Imaging,3160
StartsWith,research.stevens.edu/nano,Research,Nano,182
StartsWith,research.stevens.edu/news,Research,News,58
Contains,stevens.edu/research/news.php,Research,News,2313
Contains,stevens.edu/research/single_news,Research,News,138
Contains,stevens.edu/osr/new/index.html,Research,News,124
Wildcard,research.stevens.edu/*rid,Research,People,36
Wildcard,stevens.edu/research/*rid,Research,People,182
Contains,stevens.edu/osr/postaward/,Research,Post Awards,299
Contains,stevens.edu/research/research_profile,Research,Profile,204
StartsWith,research.stevens.edu/index.php/,Research,Project,547
Contains,stevens.edu/osr/resources/federal/,Research,Resources,109
Equals,research.stevens.edu/robotics/topic,Research,Robotics,138
Contains,stevens.edu/research/security,Research,Security,1058
Contains,stevens.edu/osr/sharp/,Research,Sharp,116
Contains,stevens.edu/research/systems.php,Research,Systems,1072
StartsWith,research.stevens.edu/systems-security,Research,Systems Security,1306
Equals,research.stevens.edu/tissue-engineering/topic,Research,Tissue Engineering,145
StartsWith,sse.stevens.edu/about_sse/,Systems,About,116
StartsWith,sse.stevens.edu/about-sse/,Systems,About,21
Equals,sse.stevens.edu/?id=933,Systems,Academics,729
StartsWith,sse.stevens.edu/academics/,Systems,Academics,21
StartsWith,sse.stevens.edu/nc/academics/graduate/,Systems,Academics,14
StartsWith,sse.stevens.edu/admissions/,Systems,Admissions,29
StartsWith,sse.stevens.edu/asem/,Systems,ASEM,14
StartsWith,sse.stevens.edu/cal/,Systems,Calendar,7
StartsWith,sse.stevens.edu/community/,Systems,Community,36
StartsWith,sse.stevens.edu/pages/contact-us/,Systems,Contact,14
StartsWith,sse.stevens.edu/deansseminar/,Systems,Dean's Seminar,43
StartsWith,sse.stevens.edu/eme/bylaws/,Systems,EME,7
StartsWith,sse.stevens.edu/events/,Systems,Events,7
StartsWith,sse.stevens.edu/FE/,Systems,Financial Engineering,145
Equals,sse.stevens.edu/,Systems,Home,36918
StartsWith,sse.stevens.edu/index.php,Systems,Home,65
StartsWith,sse.stevens.edu/incose/,Systems,Incose,21
StartsWith,sse.stevens.edu/infrastructure/,Systems,Infrastructure Systems,80
StartsWith,sse.stevens.edu/nc/about-SSE/news-and-events/events/,Systems,News Center,335
StartsWith,sse.stevens.edu/partnerships/,Systems,Partnerships,29
StartsWith,sse.stevens.edu/nc/people/,Systems,People,2759
StartsWith,sse.stevens.edu/people/,Systems,People,7
StartsWith,sse.stevens.edu/portal/calendar/,Systems,Portal,43
StartsWith,sse.stevens.edu/research/,Systems,Research,51
StartsWith,sse.stevens.edu/sdoe/,Systems,SDOE,708
StartsWith,sse.stevens.edu/se-competition/,Systems,SE Competition,80
StartsWith,sse.stevens.edu/about-sse/search-sse-site/,Systems,Search,7
StartsWith,sse.stevens.edu/pages/sitemap/,Systems,SiteMap,131
StartsWith,sse.stevens.edu/software/,Systems,Software,124
StartsWith,sse.stevens.edu/space/,Systems,Space,204
StartsWith,sse.stevens.edu/systems/,Systems,Systems Engineering,7
StartsWith,sse.stevens.edu/pages/webmaster/,Systems,Webmaster,36
Contains,stevens.edu/ses,Engineering,Other,
EndsWith,stevens.edu/sit/trustees/board-of-trustees.cfm,Provost,Board,452
EndsWith,stevens.edu/sit/trustees/general-counsel.cfm,Provost,General Counsel,934
EndsWith,stevens.edu/sit/trustees/governance-documents.cfm,Provost,Governance,620
EndsWith,stevens.edu/sit/trustees/,Provost,Home,153
EndsWith,stevens.edu/sit/trustees/index.cfm,Provost,Home,7204
EndsWith,stevens.edu/sit/trustees/members.cfm,Provost,Members,985
EndsWith,stevens.edu/sit/trustees/trustee-profiles.cfm,Provost,Profiles,1131
